bottle_10_seed_1_subdv.1.npy,bottle_10_seed_1_subdv.10.npy,bottle_10_seed_1_subdv.11.npy,bottle_10_seed_1_subdv.2.npy,bottle_10_seed_1_subdv.3.npy,bottle_10_seed_1_subdv.5.npy,bottle_10_seed_1_subdv.7.npy,bottle_10_seed_1_subdv.8.npy
bottle_10_seed_1_subdv.0.npy,bottle_10_seed_1_subdv.10.npy,bottle_10_seed_1_subdv.11.npy,bottle_10_seed_1_subdv.2.npy,bottle_10_seed_1_subdv.6.npy,bottle_10_seed_1_subdv.7.npy,bottle_10_seed_1_subdv.8.npy,
bottle_10_seed_1_subdv.0.npy,bottle_10_seed_1_subdv.1.npy,bottle_10_seed_1_subdv.2.npy,bottle_10_seed_1_subdv.3.npy,bottle_10_seed_1_subdv.7.npy,,,
bottle_10_seed_1_subdv.0.npy,bottle_10_seed_1_subdv.1.npy,bottle_10_seed_1_subdv.4.npy,bottle_10_seed_1_subdv.6.npy,bottle_10_seed_1_subdv.8.npy,,,
bottle_10_seed_1_subdv.0.npy,bottle_10_seed_1_subdv.1.npy,bottle_10_seed_1_subdv.10.npy,bottle_10_seed_1_subdv.3.npy,bottle_10_seed_1_subdv.6.npy,bottle_10_seed_1_subdv.7.npy,bottle_10_seed_1_subdv.8.npy,bottle_10_seed_1_subdv.9.npy
bottle_10_seed_1_subdv.0.npy,bottle_10_seed_1_subdv.10.npy,bottle_10_seed_1_subdv.2.npy,bottle_10_seed_1_subdv.5.npy,,,,
bottle_10_seed_1_subdv.11.npy,,,,,,,
bottle_10_seed_1_subdv.0.npy,bottle_10_seed_1_subdv.3.npy,bottle_10_seed_1_subdv.8.npy,bottle_10_seed_1_subdv.9.npy,,,,
bottle_10_seed_1_subdv.1.npy,bottle_10_seed_1_subdv.11.npy,bottle_10_seed_1_subdv.2.npy,bottle_10_seed_1_subdv.8.npy,bottle_10_seed_1_subdv.9.npy,,,
bottle_10_seed_1_subdv.0.npy,bottle_10_seed_1_subdv.1.npy,bottle_10_seed_1_subdv.10.npy,bottle_10_seed_1_subdv.2.npy,bottle_10_seed_1_subdv.8.npy,,,
bottle_10_seed_1_subdv.0.npy,bottle_10_seed_1_subdv.1.npy,bottle_10_seed_1_subdv.11.npy,bottle_10_seed_1_subdv.2.npy,bottle_10_seed_1_subdv.5.npy,bottle_10_seed_1_subdv.6.npy,bottle_10_seed_1_subdv.7.npy,bottle_10_seed_1_subdv.9.npy
bottle_10_seed_1_subdv.2.npy,bottle_10_seed_1_subdv.5.npy,bottle_10_seed_1_subdv.6.npy,bottle_10_seed_1_subdv.8.npy,,,,
